post_number,category,post_text,hashtags
1,Agentic AI,"ğŸ¤– Agentic AI is the BIGGEST shift in 2026.

We went from chatbots â†’ copilots â†’ autonomous agents.

These agents don't just answer questions. They:
â€¢ Plan multi-step workflows
â€¢ Execute tasks autonomously
â€¢ Learn from failures in real-time

The market is projected to grow 40% annually to $263B by 2035.

If you're not building AI Agents right now, you're already behind.

Here's what you need to learn:
â†’ LangChain / LangGraph
â†’ CrewAI / AutoGen
â†’ Tool calling & function routing
â†’ Memory management for agents

The future isn't AI that assists. It's AI that ACTS.","#AgenticAI #AIAgents #LangChain #FutureOfAI #MachineLearning #ArtificialIntelligence"
2,Career Growth,"ğŸ¯ Want to become a Top 1% AI/ML Engineer in 2026?

Here's the brutal truth nobody tells you:

Knowing Python + TensorFlow isn't enough anymore.

The 2026 AI Engineer is a HYBRID:
â†’ ML fundamentals (you can't skip this)
â†’ GenAI frameworks (LangChain, LlamaIndex)
â†’ MLOps (Docker, MLflow, Kubernetes)
â†’ Cloud (AWS/GCP/Azure)
â†’ System Design for AI

Stop collecting certificates.
Start shipping projects.

Your GitHub portfolio > Your resume.

The best time to start was yesterday.
The second best time is NOW.","#AIEngineer #MachineLearning #CareerGrowth #TechCareers #MLOps #ArtificialIntelligence"
3,Multimodal AI,"ğŸ‘ï¸ Text-only AI is dead. Welcome to the Multimodal era.

GPT-4o, Gemini, Claude â€” they all see, hear, and read simultaneously.

Multimodal AI market: $1.6B (2024) â†’ $27B (2034)

What this means for engineers:
â†’ Build apps that process text + image + audio together
â†’ Learn Vision Transformers (ViT)
â†’ Master audio processing with Whisper
â†’ Combine modalities for richer AI experiences

The next killer app won't just read your text.
It'll understand your screenshot, hear your voice, and watch your video.

All at once.

Are you building for this future?","#MultimodalAI #ComputerVision #NLP #DeepLearning #GPT4 #Gemini #AIInnovation"
4,Edge AI,"âš¡ Cloud AI has a dirty secret: Latency.

That's why Edge AI is exploding in 2026.

Processing data WHERE it's created instead of shipping it to the cloud.

Real applications:
â†’ Self-driving cars (can't wait for cloud response)
â†’ Factory defect detection in real-time
â†’ Medical devices that diagnose instantly
â†’ Smart cameras with on-device inference

Tools to learn:
â€¢ TensorFlow Lite
â€¢ ONNX Runtime
â€¢ NVIDIA Jetson
â€¢ OpenVINO

The future of AI isn't in the cloud.
It's in your pocket.","#EdgeAI #IoT #TensorFlowLite #NVIDIA #EmbeddedAI #RealTimeAI #MachineLearning"
5,LLM Engineering,"ğŸ§  Everyone is using LLMs. Few are engineering them properly.

The difference between a demo and production:

Demo: 'Look, it generates text!'
Production: 'It handles 10K req/sec with 99.9% uptime, costs $0.002/query, and never hallucinates on critical paths.'

Skills that separate LLM hobbyists from LLM engineers:
â†’ Prompt engineering at scale
â†’ RAG pipeline optimization
â†’ Fine-tuning with LoRA/QLoRA
â†’ Guardrails & output validation
â†’ Cost optimization & caching
â†’ Evaluation frameworks

Building with LLMs is easy.
Building RELIABLE systems with LLMs is an art.","#LLM #LargeLanguageModels #RAG #PromptEngineering #AIEngineering #GenerativeAI"
6,MLOps,"ğŸ”§ 80% of ML models never make it to production. Why?

Because data scientists build models.
But nobody deploys them.

Enter MLOps â€” the most underrated skill of 2026.

MLOps = DevOps for Machine Learning

What it covers:
â†’ Model versioning (MLflow, DVC)
â†’ CI/CD for ML pipelines
â†’ Model monitoring & drift detection
â†’ Feature stores
â†’ Automated retraining

Companies don't need more models.
They need models that WORK in production.

Learn MLOps. Become indispensable.","#MLOps #DevOps #MachineLearning #ModelDeployment #DataScience #MLflow #Docker"
7,AI in Cybersecurity,"ğŸ›¡ï¸ Hackers are using AI. Your defense should too.

AI-powered cybersecurity in 2026:
â†’ Autonomous threat hunting
â†’ Real-time anomaly detection
â†’ Predictive attack prevention
â†’ Phishing detection with NLP
â†’ Behavioral biometrics

The cybersecurity + AI intersection is creating some of the highest-paying roles in tech.

If you know ML + Security, you're basically printing money.

Learn:
â€¢ Anomaly detection algorithms
â€¢ Network traffic analysis with ML
â€¢ NLP for threat intelligence
â€¢ Adversarial ML (attack & defense)

The best firewall in 2026 isn't a rule. It's a model.","#Cybersecurity #AISecurity #ThreatDetection #InfoSec #MachineLearning #DeepLearning"
8,Career Advice,"ğŸ“Œ Unpopular opinion: You DON'T need a PhD to be a great ML Engineer.

What you actually need:

1. Strong Python + DSA skills
2. Math fundamentals (Linear Algebra, Probability, Calculus)
3. Understanding of core ML algorithms
4. Hands-on project portfolio
5. MLOps + deployment skills
6. Ability to read research papers

The industry has shifted.

Companies want engineers who can SHIP, not just theorize.

I've delivered 250+ AI systems without a PhD.
My GitHub has 176+ repositories.
Real-world impact > Academic degrees.

Build. Deploy. Iterate. Repeat.","#MLEngineer #CareerAdvice #TechCareers #MachineLearning #DataScience #AI #SelfTaught"
9,RAG Systems,"ğŸ“š RAG (Retrieval Augmented Generation) is the #1 architecture pattern in 2026.

Why? Because LLMs hallucinate. RAG doesn't (mostly).

How RAG works:
1. User asks a question
2. System retrieves relevant docs from your data
3. LLM generates answer using ONLY those docs
4. You get accurate, grounded responses

Advanced RAG techniques to learn:
â†’ Hybrid search (semantic + keyword)
â†’ Re-ranking with cross-encoders
â†’ Chunk optimization strategies
â†’ Multi-hop reasoning
â†’ Evaluation with RAGAS framework

Every enterprise AI app in 2026 has RAG at its core.
Master it, and you'll never run out of work.","#RAG #LLM #VectorDatabase #LangChain #AIArchitecture #GenerativeAI #NLP"
10,Computer Vision,"ğŸ“¸ Computer vision isn't just about image classification anymore.

In 2026, it's about:
â†’ Real-time video understanding
â†’ 3D scene reconstruction
â†’ Visual grounding in LLMs
â†’ Autonomous navigation
â†’ Medical imaging AI
â†’ Industrial defect detection

I built wildlife detection systems for railway tracks using YOLOv8 at IIRS-ISRO.

The key insight? Production CV is 20% model, 80% engineering.

Data pipeline > Model architecture.
Edge deployment > Cloud inference.
Real-time processing > Batch prediction.

If you're in CV, think like an engineer, not a researcher.","#ComputerVision #YOLO #DeepLearning #ObjectDetection #ISRO #AIForGood #ImageProcessing"
11,Python Mastery,"ğŸ Python in 2026 is NOT the same Python from 2020.

Modern Python for AI Engineers:
â†’ Type hints everywhere (mypy)
â†’ Async programming (asyncio)
â†’ Pydantic for data validation
â†’ FastAPI for model serving
â†’ Poetry/uv for dependency management
â†’ Ruff for lightning-fast linting

Stop writing Jupyter notebook spaghetti.
Start writing production-grade Python.

The difference between a Data Scientist and an ML Engineer?

One writes notebooks.
The other writes systems.

Be the one who writes systems.","#Python #Programming #SoftwareEngineering #FastAPI #MachineLearning #Coding #DevTools"
12,AI Ethics,"âš–ï¸ Building AI without ethics is like building a car without brakes.

In 2026, AI governance isn't optional:
â†’ EU AI Act is enforced
â†’ Companies need explainable AI
â†’ Bias audits are mandatory
â†’ Model cards are standard practice

Skills every AI engineer needs NOW:
â€¢ Fairness metrics (demographic parity, equalized odds)
â€¢ SHAP/LIME for explainability
â€¢ Data lineage tracking
â€¢ Privacy-preserving ML (federated learning, differential privacy)

The engineer who can build AI that's BOTH powerful AND responsible?

That's the most valuable person in any team.","#ResponsibleAI #AIEthics #Explainability #FairnessInAI #AIGovernance #MachineLearning"
13,Transformers,"ğŸ”¥ Transformers changed everything. And they're STILL evolving.

2017: Attention Is All You Need
2026: Attention is EVERYWHERE

What's new in Transformer architectures:
â†’ Mixture of Experts (MoE) â€” efficient scaling
â†’ State Space Models (Mamba) â€” linear complexity
â†’ Sparse attention â€” longer contexts
â†’ KV-cache optimization â€” faster inference
â†’ Speculative decoding â€” 2-3x speedup

If you want to be a serious AI engineer:
1. Read the original Transformer paper
2. Implement one from scratch
3. Understand the latest variants
4. Know when NOT to use them

Understanding Transformers deeply = Understanding modern AI.","#Transformers #DeepLearning #NLP #AttentionMechanism #LLM #AIResearch #NeuralNetworks"
14,Open Source AI,"ğŸŒ Open source AI is winning. And it's not even close.

Llama, Mistral, Qwen, DeepSeek â€” all open.

Why this matters for YOUR career:
â†’ You can fine-tune world-class models for FREE
â†’ No vendor lock-in
â†’ Full control over your AI stack
â†’ Community-driven innovation

What to explore:
â€¢ Hugging Face Transformers
â€¢ vLLM for fast inference
â€¢ Ollama for local LLMs
â€¢ GGUF quantization

I'm a Verified Hugging Face Developer and I can tell you:
The open source AI ecosystem in 2026 is INCREDIBLE.

Stop paying for APIs. Start owning your models.","#OpenSource #HuggingFace #Llama #Mistral #AI #MachineLearning #OpenSourceAI"
15,Data Engineering,"ğŸ“Š The #1 bottleneck in AI isn't models. It's DATA.

Every ML engineer in 2026 needs data engineering skills:
â†’ Apache Spark for large-scale processing
â†’ dbt for data transformation
â†’ Airflow/Prefect for orchestration
â†’ Delta Lake / Iceberg for storage
â†’ Great Expectations for quality

The dirty truth about AI:

90% of your time = cleaning, transforming, validating data
10% of your time = actual model building

The engineer who masters both data AND models?

Unstoppable.","#DataEngineering #BigData #ApacheSpark #DataPipeline #MachineLearning #DataQuality"
16,Fine-Tuning LLMs,"ğŸ¯ Fine-tuning in 2026 isn't what you think.

You DON'T need 8 A100 GPUs anymore.

Modern fine-tuning stack:
â†’ LoRA / QLoRA (train 0.1% of parameters)
â†’ Unsloth (2x faster training)
â†’ Axolotl (config-based fine-tuning)
â†’ PEFT library from Hugging Face
â†’ Single GPU is enough!

When to fine-tune vs RAG:
â€¢ Fine-tune: Change model behavior/style
â€¢ RAG: Add knowledge/data
â€¢ Both: Maximum performance

I've fine-tuned Llama models with QLoRA pipelines.
The barrier to entry has NEVER been lower.

Stop prompt-engineering your way out of problems.
Fine-tune when it makes sense.","#FineTuning #LLM #QLoRA #LoRA #HuggingFace #DeepLearning #GenerativeAI"
17,AI in Healthcare,"ğŸ¥ AI in healthcare is saving lives. Literally.

Real applications in 2026:
â†’ Cancer detection from medical images (higher accuracy than radiologists)
â†’ Drug discovery in weeks instead of years
â†’ Personalized treatment plans
â†’ Predictive patient monitoring
â†’ Mental health chatbots

The healthcare AI market will cross $45B by 2026.

If you want MEANINGFUL AI work:
Healthcare is where impact meets innovation.

Skills needed:
â€¢ Medical image segmentation
â€¢ Time-series analysis
â€¢ NLP for clinical notes
â€¢ HIPAA compliance & privacy

Build AI that matters. Build AI that heals.","#HealthcareAI #MedTech #AIForGood #DeepLearning #DigitalHealth #MachineLearning"
18,Vector Databases,"ğŸ—„ï¸ If you're building AI apps in 2026 and don't know Vector DBs â€” you're in trouble.

Vector databases are the backbone of:
â†’ RAG systems
â†’ Semantic search
â†’ Recommendation engines
â†’ Image similarity
â†’ Anomaly detection

Top options:
â€¢ Pinecone â€” managed, production-ready
â€¢ Weaviate â€” open source, feature-rich
â€¢ Chroma â€” lightweight, perfect for prototyping
â€¢ Qdrant â€” fast, Rust-based
â€¢ pgvector â€” if you love PostgreSQL

Understanding embeddings + vector search is NON-NEGOTIABLE for modern AI engineers.

It's the new SQL.","#VectorDatabase #Embeddings #RAG #Pinecone #SemanticSearch #AIEngineering #LLM"
19,GPU Programming,"ğŸ–¥ï¸ CUDA knowledge = 10x salary multiplier in AI.

Most ML engineers use PyTorch and never think about what's underneath.

In 2026, GPU optimization skills are GOLD:
â†’ CUDA programming basics
â†’ Triton for custom GPU kernels
â†’ Flash Attention implementation
â†’ Mixed precision training (fp16/bf16)
â†’ Multi-GPU training (FSDP, DeepSpeed)
â†’ Quantization (GPTQ, AWQ, GGUF)

I optimize models on RTX A6000 daily.

The difference between a $100/day inference cost and $5/day?

A GPU-aware engineer.

Learn CUDA. Thank me later.","#CUDA #GPU #NVIDIA #DeepLearning #ModelOptimization #HighPerformanceComputing #AI"
20,AI Agents Framework,"ğŸ› ï¸ Building AI Agents in 2026? Here's your tech stack:

Frameworks:
â†’ LangGraph (complex stateful agents)
â†’ CrewAI (multi-agent collaboration)
â†’ AutoGen (Microsoft's agent framework)
â†’ Semantic Kernel (enterprise agents)
â†’ Phidata (production agents)

Key concepts:
â€¢ Tool calling & function routing
â€¢ Memory (short-term + long-term)
â€¢ Planning & reasoning chains
â€¢ Error recovery & self-correction
â€¢ Human-in-the-loop patterns

The agent that can browse the web, write code, analyze data, and send emails?

That's not science fiction.
That's a weekend project in 2026.","#AIAgents #LangGraph #CrewAI #AutoGen #ArtificialIntelligence #Automation #LLM"
21,Prompt Engineering,"ğŸ’¡ Hot take: Prompt Engineering is dying.

Not because it's useless. Because it's becoming EVERYONE's job.

What's replacing it in 2026:
â†’ Structured outputs (JSON mode)
â†’ Function calling / Tool use
â†’ Few-shot learning automation
â†’ Prompt optimization with DSPy
â†’ Automated prompt testing

The real skill isn't writing prompts.
It's building SYSTEMS that generate the right prompt for the right context.

That's Prompt Architecture, not Prompt Engineering.

Upgrade your thinking. Upgrade your career.","#PromptEngineering #LLM #GenerativeAI #DSPy #AIArchitecture #TechSkills #Innovation"
22,Kubernetes for ML,"â˜¸ï¸ Kubernetes isn't just for web apps anymore.

In 2026, K8s is the standard for ML infrastructure:
â†’ KubeFlow for ML pipelines
â†’ KServe for model serving
â†’ Ray for distributed training
â†’ Seldon for model deployment
â†’ GPU scheduling across clusters

ML Engineer job description in 2026:
'Must know Kubernetes' â† This is everywhere now.

You don't need to be a K8s expert.
But you NEED to:
â€¢ Deploy a model on K8s
â€¢ Scale inference pods
â€¢ Monitor model performance
â€¢ Manage GPU resources

DevOps + ML = The most in-demand combo.","#Kubernetes #MLOps #DevOps #CloudComputing #ModelDeployment #KubeFlow #Infrastructure"
23,AI for Climate,"ğŸŒ Climate change is the biggest problem of our generation. AI can help solve it.

Applications in 2026:
â†’ Satellite imagery for deforestation tracking
â†’ Weather prediction (GenCast beats traditional models)
â†’ Energy grid optimization
â†’ Carbon footprint estimation
â†’ Wildlife monitoring with CV

I built wildlife detection systems for railway tracks at ISRO.

Tech meets purpose when you apply AI to environmental challenges.

The planet doesn't need more chatbots.
It needs engineers who build AI for sustainability.

What environmental problem would YOU solve with AI?","#ClimateAI #Sustainability #AIForGood #RemoteSensing #ISRO #GreenTech #MachineLearning"
24,Interview Prep,"ğŸ¤ Cracking ML Engineer interviews in 2026:

Round 1 â€” Coding: LeetCode Medium (Python, DSA)
Round 2 â€” ML Theory: Bias-variance, regularization, metrics
Round 3 â€” System Design: Design a recommendation system at scale
Round 4 â€” LLM/GenAI: RAG architecture, prompt engineering, evaluation
Round 5 â€” Behavioral: Tell me about a production ML failure

What's changed from 2024:
â†’ LLM system design is now MANDATORY
â†’ MLOps questions are standard
â†’ Real project discussions > textbook answers
â†’ Agentic AI knowledge is a plus

I've solved 1900+ LeetCode problems.
Trust me, preparation compounds.

Start today. Interview tomorrow.","#MLInterview #TechInterview #LeetCode #CareerAdvice #MachineLearning #CodingInterview"
25,FastAPI + ML,"ğŸš€ FastAPI is the #1 framework for serving ML models in 2026.

Why FastAPI wins:
â†’ Async by default (handles concurrent requests)
â†’ Auto-generated API docs
â†’ Type validation with Pydantic
â†’ Easy WebSocket support
â†’ Built-in dependency injection

Basic pattern:
1. Load model at startup
2. Define prediction endpoint
3. Validate input with Pydantic
4. Return predictions as JSON
5. Add middleware for logging

Django is for websites.
Flask is for prototypes.
FastAPI is for ML in production.

If you're serving models with Flask in 2026, please upgrade.","#FastAPI #Python #ModelServing #API #MachineLearning #Backend #WebDevelopment"
26,AI Bubble Reality,"ğŸ’­ Is AI in a bubble? Here's my honest take.

Similarities to dot-com era:
â†’ Sky-high startup valuations
â†’ Emphasis on growth over profits
â†’ Massive infrastructure spending
â†’ Media hype everywhere

But here's the difference:
â†’ AI has REAL revenue ($13B+ for OpenAI in 2025)
â†’ Enterprise adoption is measurable
â†’ Productivity gains are documented
â†’ It's integrated into existing workflows

My prediction: Some companies will fail. AI won't.

The engineers who build REAL products (not just demos) will thrive regardless.

Focus on value creation, not hype cycles.","#AIBubble #TechIndustry #StartupLife #ArtificialIntelligence #Innovation #FutureOfWork"
27,NLP in 2026,"ğŸ“ NLP has evolved beyond sentiment analysis.

What NLP engineers build in 2026:
â†’ Conversational AI with memory
â†’ Document understanding systems
â†’ Cross-lingual translation in real-time
â†’ Legal contract analysis
â†’ Automated code generation
â†’ Voice-to-action pipelines

The NLP stack has changed:
Before: spaCy â†’ BERT â†’ fine-tune
Now: LLM â†’ RAG â†’ Agents â†’ Evaluate

But fundamentals STILL matter:
â€¢ Tokenization
â€¢ Embeddings
â€¢ Attention mechanisms
â€¢ Named Entity Recognition
â€¢ Information Extraction

Don't skip the basics chasing the hype.","#NLP #NaturalLanguageProcessing #LLM #TextAnalysis #AIEngineering #DeepLearning"
28,Docker for ML,"ğŸ³ If your model doesn't run in Docker, it doesn't run in production.

Docker essentials for ML Engineers:
â†’ Containerize your model + dependencies
â†’ Multi-stage builds (smaller images)
â†’ GPU support with nvidia-docker
â†’ Docker Compose for multi-service AI apps
â†’ Registry management

Common pattern:
1. Base image: python:3.11-slim
2. Install dependencies
3. Copy model artifacts
4. Expose FastAPI endpoint
5. Health check endpoint

'But it works on my machine!' â† Docker eliminates this.

Containerization is NOT optional in 2026.
It's table stakes.","#Docker #Containerization #MLOps #DevOps #Deployment #MachineLearning #SoftwareEngineering"
29,Generative AI Business,"ğŸ’° Generative AI isn't just for content. It's a business revolution.

Enterprise GenAI use cases in 2026:
â†’ Code generation (GitHub Copilot saves 55% dev time)
â†’ Document summarization at scale
â†’ Customer support automation
â†’ Product design prototyping
â†’ Marketing content personalization
â†’ Drug discovery acceleration

Companies spending on GenAI:
â†’ 2024: $20B
â†’ 2026: $100B+ projected

If you can bridge AI + Business value?
You're not just an engineer.
You're a revenue generator.

Learn to speak BUSINESS, not just Python.","#GenerativeAI #BusinessAI #Enterprise #Innovation #AIStrategy #DigitalTransformation"
30,Time Series ML,"ğŸ“ˆ Time series is the most UNDERRATED ML skill.

Everything is time series:
â†’ Stock prices
â†’ IoT sensor data
â†’ Server metrics
â†’ Weather patterns
â†’ Energy consumption
â†’ Patient vitals

Modern time series stack:
â€¢ Prophet / NeuralProphet (forecasting)
â€¢ TSMixer (Google's transformer for time series)
â€¢ TimesFM (foundation model for time series)
â€¢ PatchTST (patch-based approach)
â€¢ Temporal Fusion Transformers

Most ML engineers focus on NLP/CV.
The ones who master time series?

They get hired FAST because supply is low and demand is insane.","#TimeSeries #Forecasting #DataScience #MachineLearning #IoT #DeepLearning #Analytics"
31,AI Salary Guide,"ğŸ’¸ AI/ML Engineer salaries in 2026 (India):

Entry Level (0-2 yrs): â‚¹8-15 LPA
Mid Level (2-5 yrs): â‚¹15-35 LPA
Senior (5-8 yrs): â‚¹35-60 LPA
Lead/Principal: â‚¹60-1Cr+

Globally:
â†’ US: $130K - $220K
â†’ Europe: â‚¬80K - â‚¬150K
â†’ Remote: $100K - $180K

Highest paying specializations:
1. LLM/GenAI Engineering
2. MLOps/ML Platform
3. AI Security
4. Autonomous Systems
5. AI Research

The skill premium in AI is REAL.

But salary follows VALUE, not certificates.
Build things. Solve problems. Get paid.","#AISalary #TechSalary #CareerGrowth #MachineLearning #AIJobs #TechCareers #India"
32,Reinforcement Learning,"ğŸ® Reinforcement Learning is having its moment again.

Not just for games anymore:
â†’ Robotics control
â†’ Autonomous driving
â†’ RLHF for LLM alignment
â†’ Trading strategies
â†’ Resource optimization
â†’ Drug molecule design

Why RL is hot in 2026:
ChatGPT uses RLHF. That's RL.
Every aligned LLM uses RL. That's RL.
Robot learning from trial and error. That's RL.

Key concepts to learn:
â€¢ Q-Learning / DQN
â€¢ Policy Gradient methods
â€¢ PPO (Proximal Policy Optimization)
â€¢ RLHF/RLAIF
â€¢ Multi-agent RL

RL engineers are rare. And rare = valuable.","#ReinforcementLearning #RL #RLHF #Robotics #DeepLearning #GameAI #MachineLearning"
33,Building Portfolio,"ğŸ“ Your AI portfolio in 2026 should have these 5 projects:

1ï¸âƒ£ End-to-end ML pipeline
   Data â†’ Train â†’ Deploy â†’ Monitor

2ï¸âƒ£ RAG application
   Custom chatbot over your own documents

3ï¸âƒ£ Computer Vision project
   Object detection or image segmentation

4ï¸âƒ£ Fine-tuned LLM
   Domain-specific model on Hugging Face

5ï¸âƒ£ AI Agent
   Multi-step autonomous task solver

Each project should have:
â†’ Clean code on GitHub
â†’ README with architecture diagram
â†’ Live demo or deployed API
â†’ Blog post explaining your approach

5 QUALITY projects > 50 tutorial follow-alongs.

Your portfolio is your resume in 2026.","#Portfolio #AIProjects #GitHub #CareerAdvice #MachineLearning #ShowYourWork #Coding"
34,Federated Learning,"ğŸ”’ What if you could train AI WITHOUT sharing data?

That's Federated Learning.

How it works:
1. Model goes to data (not data to model)
2. Each device trains locally
3. Only model updates are shared
4. Central server aggregates learning

Why it matters in 2026:
â†’ Healthcare: Train on hospital data without sharing patient records
â†’ Finance: Collaborative fraud detection across banks
â†’ Mobile: Keyboard prediction without reading your messages
â†’ IoT: Edge devices that learn together

Privacy + AI = The future.

Google already uses this for Gboard.
Apple uses it for Siri.

Learn: PySyft, Flower, TensorFlow Federated","#FederatedLearning #PrivacyAI #DataPrivacy #MachineLearning #HealthcareAI #EdgeAI"
35,AutoML,"ğŸ¤– AutoML isn't replacing ML engineers. It's making them 10x faster.

What AutoML handles in 2026:
â†’ Feature engineering
â†’ Model selection
â†’ Hyperparameter tuning
â†’ Neural architecture search
â†’ Pipeline optimization

Tools to know:
â€¢ AutoGluon (Amazon)
â€¢ Auto-sklearn
â€¢ H2O AutoML
â€¢ Google Vertex AI AutoML
â€¢ FLAML (Microsoft)

The smart engineer uses AutoML for the boring stuff and focuses on:
â†’ Problem framing
â†’ Data quality
â†’ System architecture
â†’ Business alignment

Automate the automatable. Think about the thinkable.","#AutoML #MachineLearning #Automation #DataScience #AITools #Productivity #MLPipeline"
36,Graph Neural Networks,"ğŸ•¸ï¸ The world isn't flat. It's a GRAPH.

Social networks, molecules, supply chains â€” all graphs.

Graph Neural Networks (GNNs) in 2026:
â†’ Drug discovery (molecular graphs)
â†’ Fraud detection (transaction networks)
â†’ Social media recommendation
â†’ Knowledge graphs for RAG
â†’ Supply chain optimization

Key architectures:
â€¢ GCN (Graph Convolutional Networks)
â€¢ GAT (Graph Attention Networks)
â€¢ GraphSAGE
â€¢ GIN (Graph Isomorphism Networks)

Libraries: PyTorch Geometric, DGL

GNNs are the LEAST saturated deep learning specialization.

Low competition. High impact. Learn it now.","#GraphNeuralNetworks #GNN #DeepLearning #NetworkScience #DrugDiscovery #MachineLearning"
37,AI Product Thinking,"ğŸ¯ The biggest gap in AI isn't technical. It's PRODUCT THINKING.

Most ML engineers build models.
Few ask: 'Should we even use ML here?'

Product thinking for AI:
â†’ Start with the problem, not the model
â†’ Define success metrics BEFORE building
â†’ Consider non-ML alternatives first
â†’ Build the simplest thing that works
â†’ Measure business impact, not just accuracy

Questions to ask:
â€¢ What decision does this model support?
â€¢ What happens when the model is wrong?
â€¢ Can a rule-based system work instead?
â€¢ What's the cost of NOT having this model?

Engineer â†’ ML Engineer â†’ AI Product Engineer

That's the evolution.","#ProductThinking #AIStrategy #MachineLearning #ProductManagement #TechLeadership #AI"
38,Diffusion Models,"ğŸ¨ Diffusion Models are the backbone of AI creativity in 2026.

Stable Diffusion, DALL-E, Midjourney â€” all diffusion.

How they work (simplified):
1. Add noise to image until pure noise
2. Train model to REVERSE the noise
3. Generate from pure noise â†’ image

What's new in 2026:
â†’ Video generation (Sora, Runway)
â†’ 3D object generation
â†’ Music generation
â†’ Molecular design
â†’ Architecture design

Key concepts:
â€¢ U-Net architecture
â€¢ Noise scheduling
â€¢ Classifier-free guidance
â€¢ ControlNet for precise control
â€¢ LoRA for style fine-tuning

Images were just the beginning. Diffusion models are creating EVERYTHING.","#DiffusionModels #StableDiffusion #GenerativeAI #AIArt #ComputerVision #DeepLearning"
39,Reading Papers,"ğŸ“„ How to read ML research papers (without losing your mind):

My 3-pass method:

Pass 1 (5 min): Read title, abstract, figures
â†’ Decide if it's relevant

Pass 2 (30 min): Read intro, method overview, experiments
â†’ Understand the main contribution

Pass 3 (2 hrs): Deep dive into math, implementation details
â†’ Only for papers you'll actually use

Where to find papers:
â†’ arxiv.org (daily)
â†’ Papers With Code
â†’ Hugging Face Daily Papers
â†’ Twitter/X ML community

I read 2-3 papers per week.

The best ML engineers are also the best ML READERS.

Stay curious. Read papers. Build things.","#ResearchPapers #MLResearch #ArXiv #ContinuousLearning #AcademicAI #MachineLearning"
40,Model Evaluation,"ğŸ“Š Accuracy is a TERRIBLE metric. Here's what to use instead.

Classification:
â†’ Precision & Recall (especially for imbalanced data)
â†’ F1-Score (harmonic mean)
â†’ AUC-ROC (ranking quality)
â†’ Confusion Matrix (always visualize)

Regression:
â†’ MAE (interpretable)
â†’ RMSE (penalizes large errors)
â†’ RÂ² (variance explained)

LLM Evaluation:
â†’ BLEU/ROUGE (text similarity)
â†’ Human evaluation (gold standard)
â†’ LLM-as-Judge
â†’ RAGAS for RAG systems
â†’ Hallucination rate

The model that scores 99% accuracy on a 99% majority class?

Useless.

Choose metrics that matter for YOUR problem.","#ModelEvaluation #DataScience #MachineLearning #Metrics #MLBestPractices #Statistics"
41,Cloud AI Platforms,"â˜ï¸ Every AI engineer needs ONE cloud platform mastered.

AWS AI Stack:
â†’ SageMaker, Bedrock, Lambda

GCP AI Stack:
â†’ Vertex AI, BigQuery ML, Cloud Run

Azure AI Stack:
â†’ Azure ML, OpenAI Service, Cognitive Services

My recommendation for beginners:
â†’ GCP (cleanest ML experience)

For enterprise:
â†’ AWS (market leader)

For GenAI:
â†’ Azure (OpenAI partnership)

Don't try to learn all three.
Master ONE. Be functional in the others.

Cloud is where AI meets scale.","#CloudComputing #AWS #GCP #Azure #MLPlatform #ArtificialIntelligence #SageMaker"
42,Synthetic Data,"ğŸ§¬ Not enough data? Generate it.

Synthetic data is becoming mainstream in 2026:
â†’ Train models without real user data (privacy)
â†’ Generate rare edge cases
â†’ Balance imbalanced datasets
â†’ Test systems before launch
â†’ Reduce data collection costs

Tools:
â€¢ Gretel.ai
â€¢ SDV (Synthetic Data Vault)
â€¢ CTGAN for tabular data
â€¢ Diffusion models for images
â€¢ LLMs for text augmentation

Gartner predicts: By 2026, 75% of enterprises will use synthetic data.

Real data is expensive, biased, and privacy-risky.
Synthetic data is cheap, balanced, and safe.

The future of ML training is artificial data for artificial intelligence.","#SyntheticData #DataAugmentation #Privacy #MachineLearning #DataScience #Innovation"
43,Competitive Programming,"ğŸ† 1900+ LeetCode problems taught me more about AI than any course.

Here's why competitive programming makes you a better ML engineer:

â†’ Algorithm optimization = Model optimization
â†’ Data structures = Efficient data pipelines
â†’ Problem decomposition = ML system design
â†’ Edge case thinking = Production debugging
â†’ Time complexity awareness = Inference speed

You don't need to be a competitive programming champion.
But solving 200-300 medium problems will:
â€¢ 10x your interview success rate
â€¢ Make you think in algorithms
â€¢ Build unshakeable debugging skills

My daily routine: 2 LeetCode problems before work.

Discipline > Motivation.","#LeetCode #CompetitiveProgramming #DSA #CodingLife #Algorithms #TechInterview #Programming"
44,Model Compression,"ğŸ“¦ Your 70B parameter model is great. But can it run on a phone?

Model compression techniques for 2026:
â†’ Quantization (INT8, INT4, even INT2)
â†’ Pruning (remove unnecessary connections)
â†’ Knowledge Distillation (small model learns from big)
â†’ GGUF format for CPU inference
â†’ Speculative decoding

Tools:
â€¢ llama.cpp (CPU inference king)
â€¢ GPTQ / AWQ (GPU quantization)
â€¢ Ollama (run LLMs locally)
â€¢ TensorRT (NVIDIA optimization)

A quantized 7B model can beat an unoptimized 13B model.

Size isn't everything in AI.
Efficiency is.","#ModelCompression #Quantization #EdgeAI #Optimization #LLM #DeepLearning #Inference"
45,AI in Finance,"ğŸ’° Wall Street's secret weapon? Machine Learning.

AI in Finance in 2026:
â†’ Algorithmic trading with RL
â†’ Credit risk scoring with XGBoost
â†’ Fraud detection in real-time
â†’ Sentiment analysis of financial news
â†’ Regulatory compliance automation
â†’ Portfolio optimization

The fintech + AI space pays TOP DOLLAR.

Skills needed:
â€¢ Time series forecasting
â€¢ Anomaly detection
â€¢ NLP for financial text
â€¢ Risk modeling
â€¢ Real-time streaming (Kafka + ML)

Finance doesn't need more analysts.
It needs ML engineers who understand money.","#FinTech #AIFinance #AlgoTrading #MachineLearning #WallStreet #QuantFinance #DeepLearning"
46,Git for ML,"ğŸ“š Git isn't just for code anymore. ML needs version control for EVERYTHING.

What to version in ML projects:
â†’ Code (Git â€” obviously)
â†’ Data (DVC â€” Data Version Control)
â†’ Models (MLflow Model Registry)
â†’ Experiments (W&B, MLflow)
â†’ Configs (Hydra, OmegaConf)

I maintain 176+ GitHub repositories.

My Git workflow for ML:
1. Feature branch per experiment
2. DVC for data tracking
3. MLflow for metric logging
4. Automated testing in CI
5. Model card in every repo

Reproducibility isn't a nice-to-have.
It's the foundation of trustworthy AI.","#Git #VersionControl #MLOps #DataVersionControl #GitHub #MachineLearning #BestPractices"
47,AI Writing Books,"âœï¸ Writing my 3rd AI book taught me something unexpected:

Teaching AI is harder than building AI.

Why every ML engineer should write:
â†’ You truly understand only what you can explain
â†’ Writing builds your personal brand
â†’ Books open doors to speaking opportunities
â†’ Documentation skills = better code
â†’ You create passive income

How to start:
1. Write technical blog posts (Medium, dev.to)
2. Create tutorials on YouTube
3. Contribute to documentation
4. Write a short ebook on your specialty
5. Pitch to publishers with your portfolio

3 published books later, I can say:
Teaching makes you a better engineer.","#TechWriting #AIBooks #ContentCreation #PersonalBrand #KnowledgeSharing #Author #AI"
48,Responsible AI,"ğŸ›‘ 'Move fast and break things' doesn't work with AI.

Responsible AI practices for 2026:
â†’ Test for bias BEFORE deployment
â†’ Monitor for model drift continuously
â†’ Provide explanations for all decisions
â†’ Allow human override always
â†’ Document everything

Red flags to watch for:
â€¢ Model performs differently across demographics
â€¢ No explanation for high-impact decisions
â€¢ No human in the loop
â€¢ Training data source unknown
â€¢ No monitoring in production

AI that's powerful but irresponsible is just a lawsuit waiting to happen.

Build AI you'd be comfortable explaining to a regulator.","#ResponsibleAI #AIGovernance #Fairness #Transparency #AIEthics #MachineLearning"
49,Transfer Learning,"ğŸ”„ Training from scratch in 2026? You're wasting time and money.

Transfer Learning is the default:
â†’ Use pre-trained models as starting point
â†’ Fine-tune on your domain data
â†’ 10x less data needed
â†’ 100x less compute needed
â†’ Often BETTER results

Examples:
â€¢ ResNet â†’ Your image classifier
â€¢ BERT â†’ Your text analyzer
â€¢ Whisper â†’ Your speech system
â€¢ Llama â†’ Your domain chatbot
â€¢ CLIP â†’ Your image-text system

The most productive ML engineers in 2026 don't train models.
They ADAPT them.

Work smarter, not harder.
Stand on the shoulders of giants.","#TransferLearning #PreTrainedModels #DeepLearning #FineTuning #MachineLearning #AI"
50,AI Daily Routine,"â° My daily routine as an AI Engineer:

6:00 AM â€” Read 1 ML paper (arxiv/HF daily papers)
7:00 AM â€” 2 LeetCode problems
8:00 AM â€” Check GitHub trending repos
9:00 AM â€” Deep work: Build/Deploy models
12:00 PM â€” Review PRs, mentor juniors
1:00 PM â€” Client meetings (ISRO, enterprise clients)
3:00 PM â€” Experiment with new tools/frameworks
5:00 PM â€” Write documentation or blog post
6:00 PM â€” Open source contribution
8:00 PM â€” Poetry/Music (yes, creativity matters!)

Key habits:
â†’ Consistency > Intensity
â†’ 1% better every day
â†’ Build in public
â†’ Never stop learning

250+ AI systems delivered. This routine works.","#DailyRoutine #ProductivityTips #AIEngineer #TechLife #WorkLifeBalance #MachineLearning"
51,Feature Engineering,"âš™ï¸ The model is the easy part. Features make or break your ML system.

Feature engineering that wins in 2026:
â†’ Domain-driven feature creation
â†’ Automated feature stores (Feast, Tecton)
â†’ Embedding features from pre-trained models
â†’ Temporal features for time-awareness
â†’ Interaction features for complex patterns

Rule of thumb:
Better features with a simple model BEATS
Poor features with a complex model.

EVERY. SINGLE. TIME.

Feature engineering is where ML art meets science.
It requires domain knowledge + creativity.

The best ML engineers are also the best feature engineers.","#FeatureEngineering #DataScience #MachineLearning #FeatureStore #MLPipeline #AI"
52,Autonomous Vehicles,"ğŸš— Self-driving cars need the MOST complex ML stack in existence.

AI in autonomous vehicles:
â†’ 3D Object Detection (LiDAR + Camera fusion)
â†’ Path Planning (RL + Graph algorithms)
â†’ Behavior Prediction (Transformers)
â†’ Sensor Fusion (multimodal AI)
â†’ Simulation Testing (digital twins)

Companies hiring: Tesla, Waymo, Cruise, Argo, Ola

Skills needed:
â€¢ 3D computer vision
â€¢ Real-time inference (<50ms)
â€¢ Reinforcement Learning
â€¢ C++ for performance-critical code
â€¢ Safety-critical ML systems

It's one of the hardest ML problems.
And one of the most rewarding.","#AutonomousVehicles #SelfDriving #ComputerVision #RealTimeAI #DeepLearning #Robotics"
53,Debugging ML,"ğŸ› ML bugs are the WORST bugs. Because the code runs fine.

But the model is wrong.

How to debug ML systems:
â†’ Start with the data (always)
â†’ Check for data leakage
â†’ Verify preprocessing pipeline
â†’ Inspect model predictions (not just metrics)
â†’ Use learning curves for diagnosis
â†’ A/B test everything

Common ML bugs:
â€¢ Future data leaking into training
â€¢ Wrong evaluation split
â€¢ Mismatched preprocessing train/inference
â€¢ Silent NaN values
â€¢ Label corruption

Traditional debugging: 'Fix the code'
ML debugging: 'Fix the data, pipeline, features, labels, AND code'

Debugging is 50% of an ML engineer's job.","#MLDebugging #DataScience #MachineLearning #SoftwareEngineering #BestPractices #ML"
54,Knowledge Graphs,"ğŸ§© Knowledge Graphs + LLMs = AI that actually KNOWS things.

Why Knowledge Graphs matter in 2026:
â†’ Structured relationships between entities
â†’ Ground LLM responses in facts
â†’ Enable complex reasoning
â†’ Power recommendation engines
â†’ Support explainable AI

GraphRAG is the next evolution:
Instead of flat document chunks â†’ use interconnected knowledge.

Tools:
â€¢ Neo4j (graph database)
â€¢ LlamaIndex (knowledge graph RAG)
â€¢ NetworkX (graph algorithms)
â€¢ Amazon Neptune
â€¢ Microsoft GraphRAG

LLMs are good at language.
Knowledge Graphs make them good at FACTS.","#KnowledgeGraphs #GraphRAG #Neo4j #LLM #AIArchitecture #DataModeling #MachineLearning"
55,MLOps Tools Stack,"ğŸ§° The definitive MLOps toolstack for 2026:

Experiment Tracking:
â†’ MLflow / Weights & Biases

Data Versioning:
â†’ DVC / LakeFS

Feature Store:
â†’ Feast / Tecton

Model Registry:
â†’ MLflow / Vertex AI

Serving:
â†’ FastAPI + Docker / TFServing / Triton

Monitoring:
â†’ Evidently AI / Whylabs / Arize

Orchestration:
â†’ Airflow / Prefect / Dagster

CI/CD:
â†’ GitHub Actions + Docker + K8s

You don't need ALL of these.
But you need ONE tool from each category.

This is what production ML looks like.","#MLOps #ToolStack #MachineLearning #DevOps #DataEngineering #ModelDeployment #AI"
56,Natural Language to SQL,"ğŸ—£ï¸ 'Show me revenue by region for Q4' â†’ SELECT region, SUM(revenue)...

Text-to-SQL is one of the hottest AI applications in 2026.

Every company with a database wants this.

How to build it:
â†’ Fine-tune LLM on SQL examples
â†’ Schema-aware prompting
â†’ Query validation & safety checks
â†’ Error handling & retry logic
â†’ Result visualization

Tools: LangChain SQL Agent, Vanna.ai, DuckDB + LLM

The business analyst who types English and gets SQL results?

That's your AI product.
And EVERY company needs one.","#TextToSQL #NLP #DatabaseAI #LLM #DataAnalytics #BusinessIntelligence #AIApplications"
57,AI Certifications,"ğŸ“œ Certifications that ACTUALLY matter in 2026:

High Value:
â†’ AWS Machine Learning Specialty
â†’ Google Cloud Professional ML Engineer
â†’ NVIDIA Deep Learning Institute
â†’ Databricks ML Professional

Medium Value:
â†’ TensorFlow Developer Certificate
â†’ Azure AI Engineer Associate

What matters MORE than certs:
â†’ GitHub projects
â†’ Published models on HuggingFace
â†’ Technical blog posts
â†’ Open source contributions
â†’ Kaggle competitions

I have 240+ certifications.
But my projects got me hired, not my certificates.

Certs open doors. Projects close deals.","#Certifications #AICareer #AWS #GoogleCloud #MachineLearning #CareerDevelopment #TechSkills"
58,Stable Diffusion Custom,"ğŸ¨ Fine-tuning Stable Diffusion in 2026 is a superpower.

Use cases:
â†’ Product photography (no photoshoot needed)
â†’ Architecture visualization
â†’ Game asset generation
â†’ Fashion design prototyping
â†’ Medical image augmentation

Techniques:
â€¢ DreamBooth (personalize subjects)
â€¢ LoRA (lightweight style transfer)
â€¢ ControlNet (precise control)
â€¢ IP-Adapter (image prompting)
â€¢ Inpainting (edit specific regions)

You can train a custom model in 30 minutes.
On a single GPU.

Companies are paying $10K-$50K for custom image generation pipelines.

And the tools are FREE.

Learn it. Build it. Profit.","#StableDiffusion #GenerativeAI #AIArt #FineTuning #ComputerVision #CreativeAI #LoRA"
59,MLOps Interview,"ğŸ¯ MLOps interview questions you WILL face in 2026:

1. How do you detect model drift in production?
2. Design a CI/CD pipeline for ML models
3. How would you handle A/B testing for ML?
4. Explain feature stores and when to use them
5. How do you version datasets and models?
6. What monitoring metrics matter for ML?
7. How to rollback a bad model deployment?
8. Explain shadow deployment strategy
9. How to scale model serving to 10K rps?
10. Design a retraining pipeline

If you can answer all 10 confidently:
You'll pass any MLOps interview.

If not? Now you know what to study.","#MLOps #TechInterview #MachineLearning #CareerPrep #InterviewTips #DevOps #AIJobs"
60,Recommendation Systems,"ğŸ¯ Recommendation systems power 35% of Amazon's revenue.

Modern RecSys in 2026:
â†’ Two-tower architecture (retrieval + ranking)
â†’ Embedding-based collaborative filtering
â†’ Transformer-based sequential recommendation
â†’ Multi-objective optimization
â†’ Real-time personalization

Evolution:
2010: Matrix Factorization
2015: Deep Learning RecSys
2020: Transformer-based
2026: LLM-powered recommendations

Tools: RecBole, PyTorch, Surprise, LensKit

Everyone uses recommendation systems.
Few engineers truly understand them.

Be the one who understands.","#RecommendationSystems #RecSys #Personalization #MachineLearning #DeepLearning #AI"
61,Small Language Models,"ğŸ”¬ Bigger isn't always better. SLMs are winning in 2026.

Small Language Models (1B-7B params):
â†’ Run on consumer hardware
â†’ 10x cheaper inference
â†’ Lower latency
â†’ Better for specific domains
â†’ Easier to fine-tune and control

Winners: Phi-3, Gemma 2, Qwen 2.5, Llama 3.2

Many production systems DON'T need GPT-4.
They need a well-tuned 3B model that costs nothing to run.

Smart engineering = Right-sizing your models.

The best model isn't the biggest.
It's the one that solves your problem at the lowest cost.","#SLM #SmallLanguageModels #LLM #ModelOptimization #AIEngineering #CostEfficiency #ML"
62,Data-Centric AI,"ğŸ“Š Model-centric AI is dead. Data-centric AI is king.

Andrew Ng has been saying this for years. In 2026, it's finally mainstream.

Principles:
â†’ Fix the data, not the model
â†’ Quality > Quantity
â†’ Systematic data labeling
â†’ Data augmentation strategies
â†’ Clean data wins over clever models

Before tweaking hyperparameters:
1. Check for label errors
2. Handle class imbalance
3. Remove duplicates
4. Address missing values
5. Verify data distribution

I've built 250+ AI systems.
In 90% of them, better data = better model.

No exceptions.","#DataCentricAI #DataQuality #MachineLearning #DataScience #AndrewNg #AI #MLBestPractices"
63,AI for Indian Market,"ğŸ‡®ğŸ‡³ India's AI opportunity is MASSIVE.

Why India matters in AI (2026):
â†’ Largest talent pool of young engineers
â†’ Government pushing AI adoption (IndiaAI)
â†’ Booming startup ecosystem
â†’ Cost advantage for AI services
â†’ Regional language AI demand

Hot opportunities:
â€¢ Indic language NLP (Hindi, Tamil, Marathi, etc.)
â€¢ AI for agriculture
â€¢ Healthcare AI for rural areas
â€¢ EdTech with AI personalization
â€¢ Government digital services

Working at ISRO, I see firsthand how India is investing in AI.

The next Silicon Valley for AI?
It's Bengaluru, Hyderabad, Chennai.

India isn't just consuming AI. India is building it.","#IndiaAI #MakeInIndia #StartupIndia #ArtificialIntelligence #TechIndia #Innovation"
64,Monitoring ML Models,"ğŸ” Deploying an ML model without monitoring is like driving blindfolded.

What to monitor in production:
â†’ Prediction distribution shift
â†’ Feature drift
â†’ Model performance degradation
â†’ Latency & throughput
â†’ Error rates & edge cases
â†’ Resource utilization

Tools:
â€¢ Evidently AI (open source)
â€¢ Whylabs (data profiling)
â€¢ Arize (ML observability)
â€¢ Grafana + Prometheus (infrastructure)
â€¢ Custom dashboards (Streamlit)

Rule: If you can't measure it, you can't improve it.

Models degrade silently.
Monitoring catches problems BEFORE users do.","#MLMonitoring #ModelDrift #MLOps #Observability #MachineLearning #Production #DataQuality"
65,Quantum ML,"âš›ï¸ Quantum Machine Learning: Hype or Reality?

Honest assessment for 2026:
â†’ Still mostly research-stage
â†’ But specific advantages exist
â†’ Quantum simulation for molecules
â†’ Optimization problems
â†’ Quantum-enhanced feature spaces

What to explore:
â€¢ Qiskit (IBM)
â€¢ Cirq (Google)
â€¢ PennyLane (differentiable QC)
â€¢ Amazon Braket

My take: Don't bet your career on quantum ML yet.
BUT learn the basics. Be ready.

When quantum computers scale (2028-2030),
engineers who understand BOTH ML + quantum?

They'll be the rarest and most valuable in the world.","#QuantumComputing #QuantumML #FutureTech #MachineLearning #Qiskit #Innovation #Research"
66,LLM Evaluation,"ğŸ“ If you can't evaluate your LLM, you can't improve it.

LLM Evaluation framework for 2026:
â†’ Factuality (does it make stuff up?)
â†’ Relevance (does it answer the question?)
â†’ Coherence (does it make sense?)
â†’ Harmfulness (is it safe?)
â†’ Instruction following (does it do what you asked?)

Tools:
â€¢ DeepEval
â€¢ RAGAS (for RAG specifically)
â€¢ Promptfoo
â€¢ LangSmith
â€¢ OpenAI Evals

Approaches:
1. Automated metrics (fast, scalable)
2. LLM-as-Judge (medium quality)
3. Human evaluation (gold standard, expensive)

You wouldn't ship code without tests.
Don't ship LLMs without evaluation.","#LLMEvaluation #Testing #GenerativeAI #QualityAssurance #AIEngineering #MachineLearning"
67,Open Source Contribution,"ğŸŒŸ Contributing to open source changed my career trajectory.

Benefits:
â†’ Learn production-grade code patterns
â†’ Network with world-class engineers
â†’ Build visible portfolio
â†’ Understand large codebases
â†’ Get noticed by recruiters

Where to start:
â€¢ HuggingFace Transformers (great first-issue labels)
â€¢ LangChain (rapidly growing)
â€¢ scikit-learn (beginner friendly)
â€¢ FastAPI (clean codebase)
â€¢ PyTorch (advanced)

With 176+ repos and 8 PyPI packages, I can confirm:

Open source > Private projects for career growth.

Start small. Fix a typo. Add a test.
Then work up to features.","#OpenSource #GitHub #Programming #MachineLearning #Community #Developer #CareerGrowth"
68,Streaming ML,"âš¡ Batch ML is so 2020. Real-time ML is 2026.

Streaming ML applications:
â†’ Real-time fraud detection
â†’ Dynamic pricing
â†’ Live recommendation updates
â†’ IoT anomaly detection
â†’ Social media trend analysis

Stack:
â€¢ Apache Kafka (event streaming)
â€¢ Apache Flink (stream processing)
â€¢ River (online ML library)
â€¢ Redis (feature cache)
â€¢ FastAPI + WebSockets (serving)

The difference between catching fraud in 24 hours vs 24 milliseconds?

A streaming ML pipeline.

If your model only sees yesterday's data, you're already late.","#StreamingML #RealTimeAI #ApacheKafka #DataStreaming #MachineLearning #BigData"
69,Building AI Teams,"ğŸ‘¥ Building an AI team? Here's the structure that works:

Minimum viable AI team:
â†’ 1 ML Engineer (builds models)
â†’ 1 Data Engineer (builds pipelines)
â†’ 1 MLOps Engineer (deploys & monitors)
â†’ 1 Product Manager (defines problems)

Scaling up:
â†’ Add domain experts
â†’ Add ML researchers
â†’ Add platform engineers
â†’ Add AI ethics lead

Common mistakes:
âŒ All PhDs, no engineers
âŒ No MLOps from day 1
âŒ No clear problem statement
âŒ Chasing SOTA instead of solving problems

The best AI team isn't the smartest.
It's the most BALANCED.","#AITeam #TeamBuilding #TechLeadership #MachineLearning #Engineering #Management #AI"
70,Embeddings Deep Dive,"ğŸ§¬ If you understand embeddings, you understand modern AI.

Everything is an embedding in 2026:
â†’ Words â†’ Vectors
â†’ Images â†’ Vectors
â†’ Audio â†’ Vectors
â†’ Code â†’ Vectors
â†’ Users â†’ Vectors
â†’ Products â†’ Vectors

Key embedding models:
â€¢ text-embedding-3-large (OpenAI)
â€¢ BGE (open source)
â€¢ Cohere embed v3
â€¢ CLIP (text + image)
â€¢ Sentence-Transformers

Why embeddings matter:
They're the LANGUAGE of AI.
The universal representation everything speaks.

Search, recommendation, classification, clustering â€” ALL powered by embeddings.

Master embeddings = Master modern AI.","#Embeddings #VectorSearch #DeepLearning #NLP #MachineLearning #AIFundamentals #AI"
71,AI Freelancing,"ğŸ’¼ AI freelancing in 2026 pays more than most full-time jobs.

High-demand freelance AI gigs:
â†’ RAG chatbot development ($5K-$25K)
â†’ Fine-tuned LLM for business ($10K-$50K)
â†’ Computer vision system ($8K-$30K)
â†’ ML pipeline automation ($5K-$20K)
â†’ AI consulting ($200-$500/hr)

Platforms:
â€¢ Toptal (premium)
â€¢ Upwork (volume)
â€¢ Direct LinkedIn outreach
â€¢ Open source reputation

How I approach client work:
1. Understand the problem (not the tech)
2. Propose the simplest solution
3. Deliver working MVP fast
4. Iterate based on feedback

250+ AI systems delivered to clients worldwide.
Freelancing is very much alive in AI.","#AIFreelancing #Freelancer #MachineLearning #Consulting #RemoteWork #TechCareers #AI"
72,Anomaly Detection,"ğŸš¨ Anomaly detection: The silent hero of production ML.

Applications everywhere:
â†’ Fraud detection (banking)
â†’ Equipment failure prediction (manufacturing)
â†’ Network intrusion detection (security)
â†’ Quality control (production lines)
â†’ Health monitoring (wearables)

Techniques:
â€¢ Isolation Forest (fast, scalable)
â€¢ Autoencoders (deep learning)
â€¢ One-Class SVM
â€¢ Statistical process control
â€¢ Time-series anomaly (Prophet, ADTK)

The tricky part: Anomalies are RARE.
You can't just train a classifier.

Unsupervised/semi-supervised approaches win.

It's not glamorous work.
But it saves millions of dollars daily.","#AnomalyDetection #FraudDetection #MachineLearning #DataScience #Unsupervised #AI"
73,Technical Debt in ML,"âš ï¸ ML technical debt is 10x worse than software technical debt.

Hidden costs in ML systems:
â†’ Entangled features nobody understands
â†’ Undeclared data dependencies
â†’ Pipeline jungles of spaghetti code
â†’ Stale models nobody updates
â†’ Missing monitoring and alerts

Google's famous paper: 'Machine Learning: The High Interest Credit Card of Technical Debt'

How to manage it:
1. Documentation for every model
2. Automated tests for data quality
3. Regular model audits
4. Clean feature engineering pipeline
5. Sunset unused models

Technical debt kills ML projects silently.

Invest 20% of sprint time in paying it down.","#TechnicalDebt #MLOps #SoftwareEngineering #MachineLearning #CodeQuality #BestPractices"
74,AI + IoT,"ğŸ“¡ AI + IoT = AIoT. The biggest convergence of 2026.

Smart devices that think:
â†’ Predictive maintenance on factory machines
â†’ Smart agriculture (soil/weather sensors + ML)
â†’ Connected health monitors
â†’ Energy management systems
â†’ Smart city traffic optimization

Stack:
â€¢ Edge devices (Raspberry Pi, Jetson)
â€¢ MQTT/Kafka for data streaming
â€¢ TensorFlow Lite / ONNX for inference
â€¢ Time series models for prediction
â€¢ Cloud for model training

50 billion IoT devices by 2030.
Each one needs AI.

That's 50 billion deployment targets for ML engineers.","#AIoT #IoT #EdgeComputing #SmartCity #MachineLearning #Industry40 #EmbeddedAI"
75,Startup Ideas in AI,"ğŸ’¡ 10 AI startup ideas that could make millions in 2026:

1. AI-powered legal contract analyzer
2. Personalized AI tutor for students
3. Real-time translation earbuds
4. AI inventory management for SMBs
5. Automated medical report generation
6. AI-driven recruitment screening
7. Predictive maintenance as a service
8. Custom AI chatbot builder (no-code)
9. AI food waste reduction platform
10. Autonomous drone inspection service

Each one is technically feasible TODAY with existing tools.

The gap isn't technology. It's execution.

Which one would you build?","#AIStartup #Entrepreneurship #StartupIdeas #ArtificialIntelligence #Innovation #Business"
76,XGBoost Still Wins,"ğŸ… Unpopular opinion: XGBoost STILL wins on tabular data in 2026.

Deep learning isn't always the answer.

For tabular data:
â†’ XGBoost / LightGBM / CatBoost
â†’ Faster training
â†’ Less data needed
â†’ More interpretable
â†’ No GPU required
â†’ Battle-tested in production

When to use deep learning instead:
â€¢ Images â†’ CNNs/ViTs
â€¢ Text â†’ Transformers
â€¢ Audio â†’ Whisper
â€¢ Sequences â†’ RNNs/Transformers

The best ML engineer uses the RIGHT tool.
Not the fanciest tool.

Sometimes a gradient boosted tree beats a neural network.
And that's okay.","#XGBoost #GradientBoosting #TabularData #MachineLearning #DataScience #PracticalML"
77,AI for Education,"ğŸ“– AI is making education personalized for the first time in history.

Applications in 2026:
â†’ Adaptive learning paths
â†’ Automated essay grading
â†’ Intelligent tutoring systems
â†’ Content generation for teachers
â†’ Student performance prediction
â†’ Language learning with AI

I'm an Instructor at Tutorials Point teaching AI.

What I've learned:
The best AI in education doesn't replace teachers.
It gives them superpowers.

Personalized learning at scale was impossible before.
Now it's a Python script and an LLM away.

The next billion-dollar EdTech company will be AI-native.","#EdTech #AIinEducation #PersonalizedLearning #MachineLearning #Teaching #Innovation"
78,Attention Mechanism,"ğŸ§  'Attention Is All You Need' â€” the paper that changed everything.

Understanding attention in 5 steps:
1. Query, Key, Value matrices
2. Dot product similarity (Q Ã— K)
3. Softmax for attention weights
4. Weighted sum of Values
5. Multi-head for multiple perspectives

Why it matters:
â†’ Powers GPT, BERT, T5, Llama
â†’ Enables long-range dependencies
â†’ Parallelizable (unlike RNNs)
â†’ Scalable to billions of parameters

Advanced concepts:
â€¢ Flash Attention (memory efficient)
â€¢ Grouped Query Attention (faster)
â€¢ Sliding Window Attention (longer context)
â€¢ Cross Attention (multimodal)

You can't call yourself an AI engineer without understanding attention.","#AttentionMechanism #Transformers #DeepLearning #NeuralNetworks #LLM #AIFundamentals"
79,AI Certifications Roadmap,"ğŸ—ºï¸ My certification roadmap for AI Engineers in 2026:

Month 1-2: Foundation
â†’ Google ML Crash Course (free)
â†’ Andrew Ng's ML Specialization

Month 3-4: Cloud
â†’ AWS ML Specialty OR GCP ML Engineer

Month 5-6: GenAI
â†’ NVIDIA Deep Learning courses
â†’ DeepLearning.AI GenAI specialization

Month 7-8: MLOps
â†’ Databricks ML Professional
â†’ Docker + Kubernetes basics

Month 9-12: Specialization
â†’ Domain-specific (healthcare/finance/CV)
â†’ Research paper implementations

240+ certifications later, here's my advice:
Don't just collect. APPLY what you learn.

Every cert should produce a project.","#Certifications #LearningPath #AIEngineer #CareerRoadmap #MachineLearning #Education"
80,LLM Memory,"ğŸ§  LLMs have the memory of a goldfish. Here's how to fix it.

Memory solutions for AI in 2026:
â†’ RAG (external knowledge retrieval)
â†’ Conversation buffers (short-term)
â†’ Summary memory (compressed history)
â†’ Entity memory (track people/things)
â†’ Long-term vector storage

Advanced patterns:
â€¢ MemGPT (self-editing memory)
â€¢ Zep (long-term memory service)
â€¢ LangGraph checkpointing
â€¢ Custom memory with embeddings

The chatbot that remembers you?
That's not magic. That's memory engineering.

It's one of the most important problems in AI.
And one of the least understood.","#LLMMemory #ChatbotDevelopment #GenerativeAI #LangChain #AIArchitecture #MachineLearning"
81,Soft Skills for AI,"ğŸ¤ Hard truth: Soft skills matter MORE than technical skills.

Top soft skills for AI Engineers:
â†’ Communication (explain AI to non-tech people)
â†’ Problem framing (ask the RIGHT questions)
â†’ Stakeholder management
â†’ Written documentation
â†’ Presentation skills
â†’ Cross-functional collaboration

I've worked with Mercedes-Benz Germany, Indian Army, IIT Bombay.

Every project succeeded not because of the model.
But because of CLEAR COMMUNICATION.

The ML engineer who can explain gradient descent to a CEO?

That's the one who gets promoted.","#SoftSkills #Communication #TechLeadership #AIEngineer #CareerGrowth #ProfessionalDevelopment"
82,Serving LLMs,"ğŸš€ Serving LLMs at scale is harder than training them.

Production LLM serving in 2026:
â†’ vLLM (PagedAttention, fastest open source)
â†’ TGI (Hugging Face's serving)
â†’ Triton Inference Server (NVIDIA)
â†’ Ollama (local deployment)
â†’ LiteLLM (proxy for multiple providers)

Optimization techniques:
â€¢ Continuous batching
â€¢ KV-cache management
â€¢ Quantization (INT4/INT8)
â€¢ Speculative decoding
â€¢ Prefix caching

The difference between $100/day and $5/day serving costs?

Infrastructure engineering.

Most AI startups die not because the model is bad.
But because serving costs eat them alive.","#LLMServing #Inference #vLLM #ModelDeployment #AIInfrastructure #MachineLearning"
83,AI Side Projects,"ğŸŒ™ Side projects built my career. Here are ideas for 2026:

Weekend projects:
â†’ Build a personal AI assistant with memory
â†’ Create a code review bot
â†’ AI-powered resume analyzer
â†’ YouTube video summarizer
â†’ Smart recipe generator from fridge photos

Ambitious projects:
â†’ Multi-agent research assistant
â†’ AI-powered second brain (notes + RAG)
â†’ Real-time language translator
â†’ AI fitness coach with pose estimation
â†’ Automated financial advisor

Each one teaches different skills.
Each one is a portfolio piece.

The best learning happens when you BUILD for yourself.

What's your next side project?","#SideProjects #BuildInPublic #AIProjects #MachineLearning #WeekendProject #Coding"
84,DeepSeek Impact,"ğŸ‡¨ğŸ‡³ DeepSeek proved something important:

You don't need a trillion dollars to build great AI.

Key takeaways:
â†’ Efficient architectures > More compute
â†’ Open source innovation is global
â†’ China is a serious AI competitor
â†’ Cost-effective training is possible
â†’ Competition drives progress

For engineers this means:
â€¢ Study DeepSeek's architecture choices
â€¢ Learn efficient training techniques
â€¢ Don't assume only big companies can innovate
â€¢ Embrace global open source contributions

The AI race isn't just US vs China.
It's IDEAS vs RESOURCES.

And sometimes, ideas win.","#DeepSeek #OpenSourceAI #AIResearch #Innovation #GlobalAI #MachineLearning #Efficiency"
85,CI/CD for ML,"ğŸ”„ CI/CD for ML isn't the same as CI/CD for software.

ML CI/CD pipeline:
â†’ Code changes trigger tests âœ“
â†’ Data validation checks âœ“
â†’ Model training (if data changes) âœ“
â†’ Model evaluation against baseline âœ“
â†’ A/B test deployment âœ“
â†’ Monitoring alerts setup âœ“
â†’ Automatic rollback if metrics drop âœ“

Tools:
â€¢ GitHub Actions (orchestration)
â€¢ DVC (data pipeline)
â€¢ MLflow (experiment tracking)
â€¢ Pytest (code testing)
â€¢ Great Expectations (data testing)

I've automated this with GitHub Actions in multiple projects.

Manual model deployment in 2026 = Engineering malpractice.","#CICD #MLOps #GitHubActions #Automation #MachineLearning #DevOps #SoftwareEngineering"
86,AI in Manufacturing,"ğŸ­ Industry 4.0 + AI = The smart factory.

AI in manufacturing (2026):
â†’ Visual quality inspection (CV)
â†’ Predictive maintenance (time series)
â†’ Supply chain optimization (RL)
â†’ Digital twins (simulation)
â†’ Robotic process automation
â†’ Demand forecasting

I built precision lithography control systems for AMS-INDIA.

Manufacturing AI is:
âœ… High impact
âœ… Clear ROI
âœ… Less competitive than consumer AI
âœ… Long-term contracts

If you want stable, high-paying AI work:
Manufacturing is calling.

Every factory will be AI-powered by 2030.
The engineers building this? Hired NOW.","#Industry40 #ManufacturingAI #SmartFactory #PredictiveMaintenance #MachineLearning #IoT"
87,Weights & Biases,"ğŸ“Š Weights & Biases (W&B) is the tool I wish I had 5 years ago.

What it does:
â†’ Experiment tracking (automatic)
â†’ Hyperparameter sweeps
â†’ Model versioning
â†’ Dataset visualization
â†’ Collaborative dashboards
â†’ Report generation

Why it's essential:
Before W&B: 'Which experiment was the best? Check the spreadsheet...'
After W&B: 'Filter by accuracy > 0.95, compare configs instantly'

Every serious ML team uses experiment tracking.

And W&B is the gold standard.

Free for individual use.
Zero excuse not to use it.","#WeightsAndBiases #ExperimentTracking #MLOps #MachineLearning #DataScience #AITools"
88,Multimodal RAG,"ğŸ“š Text RAG is so 2024. Multimodal RAG is 2026.

What is Multimodal RAG?
â†’ Query with text OR image
â†’ Retrieve text, images, tables, charts
â†’ LLM synthesizes across modalities

Architecture:
1. Embed documents (text + images) with CLIP/ColPali
2. Store in vector DB
3. Retrieve relevant chunks (any modality)
4. Feed to vision-language model
5. Get comprehensive answer

Use cases:
â€¢ Technical manuals with diagrams
â€¢ Medical records with scans
â€¢ Financial reports with charts
â€¢ Product catalogs with images

This is where RAG gets REALLY powerful.
And very few engineers know how to build it.","#MultimodalRAG #RAG #VisionLanguageModels #AIArchitecture #GenerativeAI #MachineLearning"
89,Networking for AI,"ğŸ¤ Your network is your net worth in AI.

How to build an AI network in 2026:
â†’ LinkedIn: Post consistently (yes, like this!)
â†’ Twitter/X: Follow ML researchers
â†’ Discord: Join HuggingFace, LangChain servers
â†’ Meetups: Attend local AI/ML events
â†’ Conferences: NeurIPS, ICML, PyData
â†’ GitHub: Collaborate on open source

My approach:
1. Share what I learn publicly
2. Help others (answer questions)
3. Collaborate on projects
4. Attend/speak at events
5. Build genuine relationships

Every major opportunity in my career came through connections.

Not job boards. Not applications. CONNECTIONS.","#Networking #AIcommunity #CareerAdvice #ProfessionalGrowth #MachineLearning #TechCareers"
90,Error Analysis,"ğŸ”¬ The most underrated ML skill: Systematic error analysis.

After training your model, ALWAYS:
1. Sort predictions by confidence
2. Examine the WORST predictions
3. Look for patterns in errors
4. Group errors by category
5. Fix the top error category
6. Retrain and repeat

Error categories to check:
â†’ Specific demographics performing worse
â†’ Certain input lengths failing
â†’ Time-of-day patterns
â†’ Edge cases (empty inputs, long texts)
â†’ Distribution shift from training data

The engineer who does error analysis ships models that WORK.
The engineer who doesn't ships models that LOOK like they work.

Big difference.","#ErrorAnalysis #MachineLearning #ModelImprovement #DataScience #QualityAssurance #ML"
91,AI in Defense,"ğŸ›¡ï¸ AI in defense is one of the most impactful (and controversial) areas.

Applications:
â†’ Border surveillance with CV
â†’ Satellite image analysis
â†’ Cybersecurity threat detection
â†’ Logistics optimization
â†’ Communication security
â†’ Drone navigation

I've delivered AI systems for the Indian Army.

What defense AI teaches you:
â€¢ Systems MUST be reliable (lives depend on it)
â€¢ Latency is critical (real-time or nothing)
â€¢ Security is paramount
â€¢ Explainability is mandatory
â€¢ Testing is exhaustive

Defense AI engineers are among the most rigorous in the world.

The stakes demand nothing less.","#DefenseAI #MilitaryTech #ComputerVision #AIForDefense #Cybersecurity #MachineLearning"
92,Kaggle Strategy,"ğŸ… Kaggle taught me more practical ML than any textbook.

My Kaggle strategy:
â†’ Start with Getting Started competitions
â†’ Read top solution write-ups (gold mine!)
â†’ Focus on feature engineering
â†’ Build ensembles that work
â†’ Learn from discussion forums

What Kaggle teaches:
â€¢ Real data is messy
â€¢ Feature engineering wins
â€¢ Ensembles beat single models
â€¢ Validation strategy is everything
â€¢ Speed of iteration matters

You don't need to win.
Top 10% teaches you more than 100 tutorials.

The best ML engineers have Kaggle battle scars.","#Kaggle #DataScience #MachineLearning #CompetitiveML #FeatureEngineering #Learning"
93,AI Infrastructure,"ğŸ—ï¸ AI infrastructure is the UNSEXY skill that pays the most.

What AI infra engineers build:
â†’ GPU clusters for training
â†’ Feature computation platforms
â†’ Model serving infrastructure
â†’ Data lakes and warehouses
â†’ Experiment tracking systems
â†’ Cost monitoring dashboards

Companies: Netflix, Meta, Google, Uber â€” all hiring.

Salary: 30-50% more than regular ML Engineers.

Why? Because without infrastructure:
â€¢ Models don't train
â€¢ Experiments aren't tracked
â€¢ Models don't serve
â€¢ Nothing works at scale

If you like systems engineering + ML:
AI Infrastructure is YOUR path.","#AIInfrastructure #PlatformEngineering #MachineLearning #SystemDesign #TechCareers #ML"
94,Agents + MCP,"ğŸ”Œ Model Context Protocol (MCP) is making AI agents 10x more powerful.

What MCP does:
â†’ Standardized way for LLMs to use external tools
â†’ Connect to databases, APIs, file systems
â†’ Universal plugin system for AI agents

Think of it as USB-C for AI.
One protocol. Every tool. Every model.

Before MCP: Custom integration for every tool
After MCP: Write once, connect everywhere

How to get started:
1. Build an MCP server
2. Connect it to Claude / OpenAI
3. Let the agent use your tools
4. Scale to multiple tools

The engineer who masters MCP in 2026?
They build agents faster than anyone else.","#MCP #AIAgents #LLM #APIIntegration #Anthropic #MachineLearning #ArtificialIntelligence"
95,Imposter Syndrome,"ğŸ’­ Every AI engineer feels like a fraud sometimes. Including me.

The field moves SO fast:
â†’ New model every week
â†’ New framework every month
â†’ New paradigm every year

How I deal with it:
1. Nobody knows everything (literally nobody)
2. Focus on fundamentals (they change slowly)
3. Build things (action beats anxiety)
4. Celebrate small wins
5. Compare with your past self, not others

I've published 7 research papers, 3 books, delivered 250+ systems.

And I STILL google basic Python syntax sometimes.

That's normal. You're not a fraud.
You're just learning. Like everyone else.","#ImposterSyndrome #MentalHealth #TechCareers #Motivation #AIEngineer #GrowthMindset"
96,AI Regulation,"ğŸ“‹ AI regulation is here. Engineers need to understand it.

Key regulations in 2026:
â†’ EU AI Act (risk-based AI classification)
â†’ India Digital India Act (coming)
â†’ US executive orders on AI
â†’ GDPR implications for ML
â†’ Sector-specific rules (healthcare, finance)

What this means for engineers:
â€¢ Document your model's training data
â€¢ Implement explainability features
â€¢ Conduct bias assessments
â€¢ Maintain model cards
â€¢ Enable data deletion requests

The engineer who understands BOTH code AND compliance?

They're worth their weight in gold.

Regulation isn't the enemy of innovation.
It's the foundation of trustworthy AI.","#AIRegulation #EUAIAct #Compliance #AIGovernance #MachineLearning #Policy #TechLaw"
97,Future AI Predictions,"ğŸ”® My predictions for AI by 2030:

1. AI agents handle 50% of routine knowledge work
2. Every developer uses AI-assisted coding daily
3. Multimodal AI is the default (not text-only)
4. Edge AI processes most IoT data locally
5. AI-generated content exceeds human-created
6. Personalized AI tutors for every student
7. AI drug discovery cuts pharma timelines by 70%
8. Autonomous vehicles reach Level 4 in cities
9. AI regulation becomes globally standardized
10. The AI/ML engineer role evolves into AI architect

The question isn't IF this happens.
It's WHO builds it.

Will it be you?","#FutureOfAI #AIpredictions #2030Vision #MachineLearning #Innovation #Technology #AI"
98,Learning Strategy,"ğŸ“š How I learn new AI concepts FAST:

My 4-step learning framework:
1. READ â€” Paper/blog for theory (1 hour)
2. WATCH â€” Tutorial for implementation (1 hour)
3. BUILD â€” Replicate from scratch (4 hours)
4. TEACH â€” Write a blog/tweet about it (1 hour)

Total: 7 hours from zero to working knowledge.

Repeat weekly. In 1 year, you've mastered 50+ concepts.

What DOESN'T work:
âŒ Watching 100 hours of lectures
âŒ Reading without building
âŒ Building without understanding theory
âŒ Learning in isolation

The fastest way to learn?
Teach someone else.","#LearningStrategy #SelfStudy #AIEngineer #ContinuousLearning #ProductivityTips #Growth"
99,Phoenix Language,"ğŸ”¥ I created the Phoenix Programming Language.

Why build a language from scratch?
â†’ Deep understanding of how computers think
â†’ Lexers, parsers, ASTs â€” it's beautiful engineering
â†’ You see programming differently after building one
â†’ It's the ultimate flex on your resume

What I learned:
â€¢ Every language is a set of design trade-offs
â€¢ Simplicity is harder than complexity
â€¢ Documentation is as important as code
â€¢ Building tools is more impactful than using them

You don't have to build a language.

But understanding HOW languages work makes you a 10x better engineer.

Build something nobody asked for.
That's where innovation lives.","#Programming #LanguageDesign #Innovation #SoftwareEngineering #CompilerDesign #Tech"
100,Call to Action,"ğŸš€ You've read 100 posts about AI/ML. Now what?

Here's your action plan:

This Week:
â†’ Pick ONE AI skill to learn
â†’ Start ONE project
â†’ Follow 10 AI leaders on LinkedIn

This Month:
â†’ Complete an end-to-end ML project
â†’ Push it to GitHub with documentation
â†’ Write a blog post about what you learned

This Year:
â†’ Master MLOps + GenAI
â†’ Get one cloud certification
â†’ Contribute to open source
â†’ Build your personal brand

The AI revolution doesn't wait for anyone.

But it rewards those who START.

I started with zero knowledge.
Today: 250+ AI systems, 3 books, 7 papers, UK patent.

Your journey starts with the next line of code.

Let's build the future together. ğŸ”¥","#AICareer #MachineLearning #StartNow #Motivation #CareerGrowth #ArtificialIntelligence #BuildTheFuture"
post_number,category,post_text,hashtags
1,AI Basics,"Artificial Intelligence is not about replacing humans. It is about augmenting human capabilities and solving problems at scale.",#AI #MachineLearning #Tech
2,Career Tips,"The best way to learn ML is by building projects. Start small and iterate.",#MachineLearning #CareerTips #DataScience
3,Deep Learning,"Neural networks are inspired by the human brain but they work very differently. Understanding the math behind them is key.",#DeepLearning #NeuralNetworks #AI
